INSERT INTO LC_USER_ROLE (ROLE_CODE, ROLE_DESC, CREATED_DATE) VALUES ('ENQUIRY', 'Enquirer with yes or no response', CURRENT_TIMESTAMP);
INSERT INTO LC_USER_ROLE (ROLE_CODE, ROLE_DESC, CREATED_DATE) VALUES ('ENQUIRY_FULL', 'Enquirer with full Insured details', CURRENT_TIMESTAMP);
INSERT INTO LC_USER_ROLE (ROLE_CODE, ROLE_DESC, CREATED_DATE) VALUES ('UNDERWRITER', 'Underwriter', CURRENT_TIMESTAMP);
INSERT INTO LC_USER_ROLE (ROLE_CODE, ROLE_DESC, CREATED_DATE) VALUES ('CLAIMS_ASSESSOR', 'Claims Assessor', CURRENT_TIMESTAMP);
INSERT INTO LC_USER_ROLE (ROLE_CODE, ROLE_DESC, CREATED_DATE) VALUES ('UNDERWRITER_AUTH', 'Underwriter with authorization privileges', CURRENT_TIMESTAMP);
INSERT INTO LC_USER_ROLE (ROLE_CODE, ROLE_DESC, CREATED_DATE) VALUES ('CLAIMS_ASSESSOR_AUTH', 'Claims Assessor with authorization privileges', CURRENT_TIMESTAMP);
INSERT INTO LC_USER_ROLE (ROLE_CODE, ROLE_DESC, CREATED_DATE) VALUES ('IT_SUPPORT', 'IT Support to maintain the reference data', CURRENT_TIMESTAMP);
INSERT INTO LC_USER_ROLE (ROLE_CODE, ROLE_DESC, CREATED_DATE) VALUES ('USER_ADMIN', 'Admin/System which manages users and roles', CURRENT_TIMESTAMP);

INSERT INTO LC_USER_ACTIVITY (ACTIVITY_CODE, ACTIVITY_DESC, CREATED_DATE) VALUES ('ENQUIRY', 'Enquire with limited IP details', CURRENT_TIMESTAMP);
INSERT INTO LC_USER_ACTIVITY (ACTIVITY_CODE, ACTIVITY_DESC, CREATED_DATE) VALUES ('ENQUIRY_FULL', 'Enquire with full IP details', CURRENT_TIMESTAMP);
INSERT INTO LC_USER_ACTIVITY (ACTIVITY_CODE, ACTIVITY_DESC, CREATED_DATE) VALUES ('ADD_PERSON', 'Add Insured Persons', CURRENT_TIMESTAMP);
INSERT INTO LC_USER_ACTIVITY (ACTIVITY_CODE, ACTIVITY_DESC, CREATED_DATE) VALUES ('ADD_UPDATE_IMPAIRMENT', 'Add or Update impairments', CURRENT_TIMESTAMP);
INSERT INTO LC_USER_ACTIVITY (ACTIVITY_CODE, ACTIVITY_DESC, CREATED_DATE) VALUES ('ADD_UPDATE_CLAIM', 'Add or Update Claims', CURRENT_TIMESTAMP);
INSERT INTO LC_USER_ACTIVITY (ACTIVITY_CODE, ACTIVITY_DESC, CREATED_DATE) VALUES ('ADD_NOTES', 'Add notes and scratchpad', CURRENT_TIMESTAMP);
INSERT INTO LC_USER_ACTIVITY (ACTIVITY_CODE, ACTIVITY_DESC, CREATED_DATE) VALUES ('AUTH_UPDATES_IMPAIRMENTS', 'Authorize Impairments updates', CURRENT_TIMESTAMP);
INSERT INTO LC_USER_ACTIVITY (ACTIVITY_CODE, ACTIVITY_DESC, CREATED_DATE) VALUES ('AUTH_UPDATES_CLAIMS', 'Authorize Claims updates', CURRENT_TIMESTAMP);
INSERT INTO LC_USER_ACTIVITY (ACTIVITY_CODE, ACTIVITY_DESC, CREATED_DATE) VALUES ('MAINTAIN_ROLES_ACTIVITIES', 'IT Support activities', CURRENT_TIMESTAMP);
INSERT INTO LC_USER_ACTIVITY (ACTIVITY_CODE, ACTIVITY_DESC, CREATED_DATE) VALUES ('ADD_ASISA_USER', 'Add a new user to ASISA application with Role', CURRENT_TIMESTAMP);
INSERT INTO LC_USER_ACTIVITY (ACTIVITY_CODE, ACTIVITY_DESC, CREATED_DATE) VALUES ('UPDATE_ASISA_USER', 'Update a existing user to ASISA application with Role', CURRENT_TIMESTAMP);

INSERT INTO LC_USER_ROLE_ACTIVITY (ROLE_CODE, ACTIVITY_CODE) VALUES ('ENQUIRY', 'ENQUIRY');
INSERT INTO LC_USER_ROLE_ACTIVITY (ROLE_CODE, ACTIVITY_CODE) VALUES ('ENQUIRY_FULL', 'ENQUIRY');
INSERT INTO LC_USER_ROLE_ACTIVITY (ROLE_CODE, ACTIVITY_CODE) VALUES ('ENQUIRY_FULL', 'ENQUIRY_FULL');
INSERT INTO LC_USER_ROLE_ACTIVITY (ROLE_CODE, ACTIVITY_CODE) VALUES ('UNDERWRITER', 'ENQUIRY');
INSERT INTO LC_USER_ROLE_ACTIVITY (ROLE_CODE, ACTIVITY_CODE) VALUES ('UNDERWRITER', 'ENQUIRY_FULL');
INSERT INTO LC_USER_ROLE_ACTIVITY (ROLE_CODE, ACTIVITY_CODE) VALUES ('UNDERWRITER', 'ADD_PERSON');
INSERT INTO LC_USER_ROLE_ACTIVITY (ROLE_CODE, ACTIVITY_CODE) VALUES ('UNDERWRITER', 'ADD_UPDATE_IMPAIRMENT');
INSERT INTO LC_USER_ROLE_ACTIVITY (ROLE_CODE, ACTIVITY_CODE) VALUES ('UNDERWRITER', 'ADD_NOTES');
INSERT INTO LC_USER_ROLE_ACTIVITY (ROLE_CODE, ACTIVITY_CODE) VALUES ('CLAIMS_ASSESSOR', 'ENQUIRY');
INSERT INTO LC_USER_ROLE_ACTIVITY (ROLE_CODE, ACTIVITY_CODE) VALUES ('CLAIMS_ASSESSOR', 'ENQUIRY_FULL');
INSERT INTO LC_USER_ROLE_ACTIVITY (ROLE_CODE, ACTIVITY_CODE) VALUES ('CLAIMS_ASSESSOR', 'ADD_PERSON');
INSERT INTO LC_USER_ROLE_ACTIVITY (ROLE_CODE, ACTIVITY_CODE) VALUES ('CLAIMS_ASSESSOR', 'ADD_UPDATE_CLAIM');
INSERT INTO LC_USER_ROLE_ACTIVITY (ROLE_CODE, ACTIVITY_CODE) VALUES ('CLAIMS_ASSESSOR', 'ADD_NOTES');
INSERT INTO LC_USER_ROLE_ACTIVITY (ROLE_CODE, ACTIVITY_CODE) VALUES ('UNDERWRITER_AUTH', 'ENQUIRY');
INSERT INTO LC_USER_ROLE_ACTIVITY (ROLE_CODE, ACTIVITY_CODE) VALUES ('UNDERWRITER_AUTH', 'ENQUIRY_FULL');
INSERT INTO LC_USER_ROLE_ACTIVITY (ROLE_CODE, ACTIVITY_CODE) VALUES ('UNDERWRITER_AUTH', 'ADD_PERSON');
INSERT INTO LC_USER_ROLE_ACTIVITY (ROLE_CODE, ACTIVITY_CODE) VALUES ('UNDERWRITER_AUTH', 'ADD_UPDATE_IMPAIRMENT');
INSERT INTO LC_USER_ROLE_ACTIVITY (ROLE_CODE, ACTIVITY_CODE) VALUES ('UNDERWRITER_AUTH', 'ADD_NOTES');
INSERT INTO LC_USER_ROLE_ACTIVITY (ROLE_CODE, ACTIVITY_CODE) VALUES ('UNDERWRITER_AUTH', 'AUTH_UPDATES_IMPAIRMENTS');
INSERT INTO LC_USER_ROLE_ACTIVITY (ROLE_CODE, ACTIVITY_CODE) VALUES ('UNDERWRITER_AUTH', 'AUTH_UPDATES_CLAIMS');
INSERT INTO LC_USER_ROLE_ACTIVITY (ROLE_CODE, ACTIVITY_CODE) VALUES ('CLAIMS_ASSESSOR_AUTH', 'ENQUIRY');
INSERT INTO LC_USER_ROLE_ACTIVITY (ROLE_CODE, ACTIVITY_CODE) VALUES ('CLAIMS_ASSESSOR_AUTH', 'ENQUIRY_FULL');
INSERT INTO LC_USER_ROLE_ACTIVITY (ROLE_CODE, ACTIVITY_CODE) VALUES ('CLAIMS_ASSESSOR_AUTH', 'ADD_PERSON');
INSERT INTO LC_USER_ROLE_ACTIVITY (ROLE_CODE, ACTIVITY_CODE) VALUES ('CLAIMS_ASSESSOR_AUTH', 'ADD_UPDATE_CLAIM');
INSERT INTO LC_USER_ROLE_ACTIVITY (ROLE_CODE, ACTIVITY_CODE) VALUES ('CLAIMS_ASSESSOR_AUTH', 'ADD_NOTES');
INSERT INTO LC_USER_ROLE_ACTIVITY (ROLE_CODE, ACTIVITY_CODE) VALUES ('CLAIMS_ASSESSOR_AUTH', 'AUTH_UPDATES_IMPAIRMENTS');
INSERT INTO LC_USER_ROLE_ACTIVITY (ROLE_CODE, ACTIVITY_CODE) VALUES ('CLAIMS_ASSESSOR_AUTH', 'AUTH_UPDATES_CLAIMS');
INSERT INTO LC_USER_ROLE_ACTIVITY (ROLE_CODE, ACTIVITY_CODE) VALUES ('IT_SUPPORT', 'MAINTAIN_ROLES_ACTIVITIES');
INSERT INTO LC_USER_ROLE_ACTIVITY (ROLE_CODE, ACTIVITY_CODE) VALUES ('USER_ADMIN', 'ADD_ASISA_USER');
INSERT INTO LC_USER_ROLE_ACTIVITY (ROLE_CODE, ACTIVITY_CODE) VALUES ('USER_ADMIN', 'UPDATE_ASISA_USER');

INSERT INTO LC_USER (OM_USER_ID,ROLE_CODE,BUSINESS_UNIT,CREATED_DATE,IS_ACTIVE) VALUES ('OM61083','UNDERWRITER_AUTH','Personal Finance',CURRENT_TIMESTAMP,'Y');
INSERT INTO LC_USER (OM_USER_ID,ROLE_CODE,BUSINESS_UNIT,CREATED_DATE,IS_ACTIVE) VALUES ('OM16488','CLAIMS_ASSESSOR_AUTH','Personal Finance',CURRENT_TIMESTAMP,'Y');
INSERT INTO LC_USER (OM_USER_ID,ROLE_CODE,BUSINESS_UNIT,CREATED_DATE,IS_ACTIVE) VALUES ('XY57473','CLAIMS_ASSESSOR_AUTH','Personal Finance',CURRENT_TIMESTAMP,'Y');
INSERT INTO LC_USER (OM_USER_ID,ROLE_CODE,BUSINESS_UNIT,CREATED_DATE,IS_ACTIVE) VALUES ('XY57821','UNDERWRITER','Personal Finance',CURRENT_TIMESTAMP,'Y');
INSERT INTO LC_USER (OM_USER_ID,ROLE_CODE,BUSINESS_UNIT,CREATED_DATE,IS_ACTIVE) VALUES ('XY58313','CLAIMS_ASSESSOR','Personal Finance',CURRENT_TIMESTAMP,'Y');
INSERT INTO LC_USER (OM_USER_ID,ROLE_CODE,BUSINESS_UNIT,CREATED_DATE,IS_ACTIVE) VALUES ('XY57850','CLAIMS_ASSESSOR_AUTH','Personal Finance',CURRENT_TIMESTAMP,'Y');
INSERT INTO LC_USER (OM_USER_ID,ROLE_CODE,BUSINESS_UNIT,CREATED_DATE,IS_ACTIVE) VALUES ('XY58013','UNDERWRITER_AUTH','Personal Finance',CURRENT_TIMESTAMP,'Y');
INSERT INTO LC_USER (OM_USER_ID,ROLE_CODE,BUSINESS_UNIT,CREATED_DATE,IS_ACTIVE) VALUES ('XY58005','UNDERWRITER','Personal Finance',CURRENT_TIMESTAMP,'Y');
INSERT INTO LC_USER (OM_USER_ID,ROLE_CODE,BUSINESS_UNIT,CREATED_DATE,IS_ACTIVE) VALUES ('XY58560','USER_ADMIN','Personal Finance',CURRENT_TIMESTAMP,'Y');

COMMIT;