{
    "personId": 101,
    "idType": "SA ID",
    "idNumber": "6411065561080",
    "initials": "M",
    "surname": "MKhulisi",
    "givenName1": "Patrick",
    "givenName2": "-",
    "givenName3": "-",
    "dateOfBirth": "06/11/1964",
    "gender": "Male",
    "impairments": [
        {
            "personId": 101,
            "idType": "SA ID",
            "idNumber": "5507270595084",
            "impairmentId": 101,
            "impairment": "LOACV008 - Hypertension",
            "timeSignals": "2018",
            "readings": "115kg/75cm",
            "spin": "WO",
            "symbol": "X",
            "dateCreated": "17/09/2018",
            "lifeOffice": "OM",
            "policyNumber": "18508738",
            "policyBenefit": "Dread Disease"
        },
        {
            "personId": 101,
            "idType": "Passport No",
            "idNumber": "5507270595084",
            "impairmentId": 102,
            "impairment": "LOACV009 - Hypertension",
            "timeSignals": "2019",
            "readings": "115kg/75cm",
            "spin": "WO",
            "symbol": "X",
            "dateCreated": "18/09/2018",
            "lifeOffice": "OM",
            "policyNumber": "18508738",
            "policyBenefit": "Dread Disease1"
        }
    ],
    "claims": [
        {
            "personId": 101,
            "idType": "Passport No",
            "idNumber": "5507270595084",
            "claimId": 201,
            "climType": "Dread Disease",
            "dateCreated": "18/09/2018",
            "dateOfEvent": "-",
            "causeOfEvent": "Accident at Work",
            "placeOfDeath": "Capetown",
            "dateCertificate": "7865483928",
            "B11663": "651273659",
            "policyNumber": "18508738",
            "claimReason": "R93 Abnormal findings..",
            "claimStatus": "Fully Paid"
        },
        {
            "personId": 101,
            "idType": "Passport No",
            "idNumber": "5507270595084",
            "claimId": 202,
            "climType": "Dread Disease",
            "dateCreated": "18/09/2018",
            "dateOfEvent": "-",
            "causeOfEvent": "Accident at Work",
            "placeOfDeath": "Capetown",
            "dateCertificate": "7865483928",
            "B11663": "651273659",
            "policyNumber": "18508738",
            "claimReason": "R93 Abnormal findings..",
            "claimStatus": "Fully Paid"
        }
    ]
}